MeetID,Name,Gender,Equipment,Uses Equipment,Division,Bodyweight (Kg),WeightClass (Kg),BestSquat (Kg),BestBench (Kg),BestDeadlift (Kg),Total (Kg),Place,Wilks
5643,Andrew Isfort,M,Multi-ply,Y,Junior,86.64,C90,188.24,133.81,215.46,537.51,2,350.11
5023,Cayte Bona,F,Multi-ply,Y,Pro Open,66.22,C67.5,172.37,111.13,167.83,451.32,1,467.05
227,Cory Velting,M,Multi-ply,Y,M4-E,109.6,C110,260,142.5,262.5,665,1,391.79
5323,Jackie Houseman,M,Multi-ply,Y,Open,82.1,C82.5,,92.99,163.29,256.28,1,172.19
5395,Jamie Griffin,M,Multi-ply,Y,Masters 50-54,90,C90,,174.63,,174.63,1,111.48
5373,JB Hill,M,Multi-ply,Y,Submasters,117.5,C117.5,,260.82,,260.82,1,150.71
5392,Jeff Weaver,M,Multi-ply,Y,Masters 40-44,117.5,C117.5,,288.03,,288.03,1,166.43
5408,John Burns,M,Multi-ply,Y,Open,117.48,C125,,249.48,,249.48,1,144.17
5392,Jonathan Britt,M,Multi-ply,Y,Juniors,82.5,C82.5,,167.83,,167.83,1,112.43
1299,Radostina Lulova,F,Multi-ply,Y,Open,68.25,C75,,,182.5,182.5,1,184.8
5388,Richard Hawthorne,M,Multi-ply,Y,Open,59.42,C60,,,276.69,276.69,1,238.09
5576,Travis Bell,M,Multi-ply,Y,Open,118.84,C125,,374.21,,374.21,1,215.63
145,Aaron Thompson,M,Raw,N,,139.9,C120+,300,172.5,300,772.5,3,431.72
891,Aaron Valenta,M,Raw,N,Open,82.8,C83,170,102.5,227.5,500,4,334.23
8373,Adam Apacible,M,Raw,N,Open,97.6,C100,190,142.5,230,562.5,5,345.77
6946,Adam Blalock,M,Raw,N,R-O,124.6,C125,235,160,270,665,1,379.19
7763,Adam Loyd,M,Raw,N,Open Men,134.54,C140,,220,,220,1,123.7
5237,Adam Miller,M,Raw,N,M-MW,82.2,C82.5,272.5,187.5,285,745,4,500.17
964,Adam Veyt,M,Raw,N,Master 1,99.1,C105,182.5,137.5,217.5,537.5,1,328.31
7196,Adam Windschitl,M,Raw,N,R-O,110,C110,197.4,127.5,227.5,552.4,3,325.08
7352,Aimbora Kitoi,F,Raw,N,R-O,67.4,C72,120,60,170,350,3,357.6
1299,Aleš Josiek,M,Raw,N,M1,142.2,C140+,,225,,225,2,125.44
4667,Alecxie Osorio,F,Raw,N,,62.4,C63,95,42.5,122.5,260,3,281.26
8456,Aleksey Sheykin,M,Raw,N,Amateur Open,89.9,C90,,,300,300,3,191.63
1454,Alex McQuillen,M,Raw,N,M-LW,65.95,C66,205,127.5,227.5,560,2,439.98
7692,Alexander Williams,M,Raw,N,Open Men,88.45,C90,185,137.5,212.5,535,2,344.622
6685,Alexandra Batko,F,Raw,N,R-T2,56.6,C57,95,32.5,92.5,220,2,256.7
7178,Alexis Martinez,M,Raw,N,R-O,85,C93,185,112.5,200,497.5,13,327.52
8148,Alicia Garcia,F,Raw,N,Open,68.2,C75,,,137.5,137.5,1,139.31
1466,Allen Ottolangui,M,Raw,N,Masters 2,73.4,C74,175,95,185,455,6,329.19
5029,Alyssa Furukawa,F,Raw,N,Amateur Open,65.95,C67.5,,34.02,113.4,147.42,1,153.01
3539,Amund Tjellaug Løvstad,M,Raw,N,Open,92.35,C93,217.5,155,277.5,650,1,409.69
6685,Andrew Cargill,M,Raw,N,R-O,119.5,C120,210,165,250,625,3,359.68
243,Andrew Morkin,M,Raw,N,M1-R,137.5,C140,,,227.5,227.5,1,127.48
6564,Anita Jones,F,Raw,N,R-M2b,54.3,C56,52.5,40,95,187.5,1,226.01
1215,Anne Beaumaster,F,Raw,N,Master 2,56.1,C57,77.5,37.5,102.5,217.5,1,255.55
3350,Anne Sofie Skjerlie,F,Raw,N,Master 50-59,70.53,C72,80,60,115,255,1,252.38
1430,Anni Vuohijoki,F,Raw,N,,62.75,C63,142.5,90,172.5,405,4,436.27
5084,Anthony Gregorio,M,Raw,N,Amateur Open,73.75,C75,149.69,86.18,185.97,421.84,1,304.17
8367,Anthony Rodriguez,M,Raw,N,Open,98.4,C100,242.5,155,350,747.5,1,457.92
8105,Arianna Aguilar,F,Raw,N,Junior 13-15,45.3,C48,57.5,35,67.5,160,1,220.87
3456,Arve Otto Nundal,M,Raw,N,Master 60-69,89.9,C93,,125,,125,1,79.84
5128,Ashlan Musante,F,Raw,N,Amateur Open,66.13,C67.5,,56.7,120.2,176.9,1,183.25
6904,Ashley Akehurst,F,Raw,N,R-OMW,63,C63,107.5,65,162.5,335,2,359.78
6537,Ashley Zamudio,F,Raw,N,R-T2,53.3,C56,80,40,75,195,1,238.48
3565,Børre Storjord,M,Raw,N,Master 50-59,82.65,C83,,125,,125,2,83.65
8065,Bailey Harmon,F,Raw,N,Junior 20-23,55.8,C56,115,65,132.5,312.5,1,368.72
6572,Barbara Garmon,F,Raw,N,R-O,69.7,C72,,35,67.5,102.5,4,102.27
6588,Barrett Marum,M,Raw,N,R-O,114.8,C120,245,187.5,272.5,705,2,409.83
7319,Benjamin Clewien,M,Raw,N,R-O,102.9,C110,240,175,255,670,1,403.29
7326,Betina Chaon,F,Raw,N,R-O,65.8,C72,100,45,132.5,277.5,3,288.51
7021,Betty Van,F,Raw,N,R-JR,51.5,C52,100,47.5,125,272.5,6,342.25
6847,Blake Piesto,M,Raw,N,R-O,59,C59,120,92.5,185,397.5,1,344.3
969,Brandon Bateman,M,Raw,N,Junior,102.2,C105,,130,,130,1,78.45
7254,Brandon Morales,M,Raw,N,R-JR,94.1,C105,205,130,250,585,3,365.47
7709,Brandt Selvig,M,Raw,N,Junior Men 20-23,66.77,C67.5,130,90,150,370,3,287.79
7846,Brian Burritt Jr,M,Raw,N,Junior 18-19,89.99,C90,,147.5,227.5,375,1,239.41
983,Brian Hanna,M,Raw,N,Junior,87.2,C93,137.5,85,200,422.5,2,274.23
8278,Brian Quinones,M,Raw,N,Junior 20-23,86.4,C90,152.5,112.5,210,475,1,309.87
7897,Bryan Williams,M,Raw,N,Open,103.6,C110,,,275,275,1,165.118
7027,Bryce Paszkiewicz,M,Raw,N,R-C,62.8,C66,155,95,217.5,467.5,14,382.84
4819,Caisha Tanis,F,Raw,N,,67.67,C72,,65,,65,1,66.22
8208,Caitlyn Rudish,F,Raw,N,Open,59.8,C60,117.5,77.5,130,325,1,363.28
7247,Callum Hurst,M,Raw,N,R-JR,58.1,C59,187.5,102.5,197.5,487.5,1,428.38
3500,Camilla Vik Nygård,F,Raw,N,Teen 14-18,54.2,C57,100,60,110,270,1,325.92
1077,Carl Majdalani,M,Raw,N,Junior,90.8,C93,187.5,110,267.5,565,2,359.09
8034,Carrie Kelsey,F,Raw,N,Open Women,67.1,C67.5,120,62.5,145,327.5,3,335.68
6661,Casey Lorenzen,F,Raw,N,R-O,67.6,C72,82.5,47.5,105,235,2,239.59
6750,Chad Lowe,M,Raw,N,R-O,91.7,C93,172.5,122.5,217.5,512.5,3,324.14
8307,Chandler Borda,M,Raw,N,Open,97.7,C100,250,185,260,695,1,427.04
7926,Chris Dunn,M,Raw,N,Open,89.8,C90,,,320,320,1,204.518
6968,Chris Walter,M,Raw,N,R-M,92.1,C93,,202.5,,202.5,1,127.8
7000,Chris Williams,M,Raw,N,Masters 45-49,101.9,C105,182.5,162.5,250,595,4,359.46
8459,Christian Raidel,M,Raw,N,Open,120.6,C125,,227.5,,227.5,5,130.64
8287,Christina Sisk,F,Raw,N,Open,67.3,C67.5,130,77.5,145,352.5,13,360.54
6585,Christina Tong,F,Raw,N,R-JR,60.9,C63,97.5,65,130,292.5,1,322.37
894,Christine Campbell,F,Raw,N,Open,89.1,C84+,120,70,135,325,3,282.01
190,Christopher Chan,M,Raw,N,M-JR-U,72.2,C74,200,97.5,210,507.5,7,371.6
4579,Chyna Howlett,F,Raw,N,,51.5,C52,102.5,56.5,100,259,1,325.29
6521,Cinnamon Micelotta,F,Raw,N,R-O,90.5,C84+,50,35,100,185,1,159.49
6686,Clayton Fulbright,M,Raw,N,R-JR,91.9,C93,265,167.5,267.5,700,1,442.25
1286,Clotario Portugal,M,Raw,N,M 60-64,73.3,C75,,115,,115,1,83.28
1499,Colin Power,M,Raw,N,M-O,107.8,C120,250,170,285,705,1,417.54
8367,Collin Smith,M,Raw,N,Open,78.6,C82.5,175,135,212.5,522.5,3,360.76
1181,Cosmin Olteanu,M,Raw,N,Master 1,91.6,C93,229,125,230,584,2,369.56
4917,Courtney Childress,F,Raw,N,Amateur Teen 16-17,51.35,C52,63.5,45.36,106.59,215.46,1,271.22
924,Courtney Dill,F,Raw,N,Sub-Junior,68.4,C72,110,52.5,145,307.5,1,310.89
7154,Craig Owen,M,Raw,N,R-O,95.1,C105,210,137.5,232.5,580,2,360.6
6680,Damion Johnson,M,Raw,N,R-O,97.9,C100,192.5,155,247.5,595,6,365.28
5158,Dan Cerone,M,Raw,N,Amateur Open,81.83,C82.5,188.24,138.35,249.48,576.06,1,387.81
6564,Daniel Liebster,M,Raw,N,R-M1b,146.3,C125+,227.5,140,240,607.5,1,337.31
8358,Danielle Heckman,F,Raw,N,Open,66.1,C67.5,107.5,55,122.5,285,2,295.32
7028,Danielle Oliveri,F,Raw,N,R-O,62.61,C63,145,92.5,150,387.5,25,418.12
7651,David Andrews,M,Raw,N,Open Men,99.52,C100,172.5,117.5,202.5,492.5,6,300.311
7186,David Delrosso,M,Raw,N,R-JR,64.8,C66,125,67.5,185,377.5,2,300.96
7282,David Pennesi,M,Raw,N,R-O,80.5,C83,170,115,240,525,5,357.02
7271,David Ricks,M,Raw,N,MR-O,91.89,C93,325,195,282.5,802.5,3,507.04
7028,David Woo,M,Raw,N,R-O,100.76,C105,275,162.5,275,712.5,35,432.32
1064,Debbie Gullage,F,Raw,N,Open,76.5,C84,,60,,60,1,56.35
1211,Denis Cyr,M,Raw,N,Master 3,91.9,C93,,120,,120,1,75.82
84,Denis Dumitru,M,Raw,N,M_JR_APF,76.9,C82.5,182.5,122.5,227.5,532.5,1,373.01
5062,Denise Demkowicz,F,Raw,N,Amateur Master 50-54,79.83,C82.5,111.13,54.43,129.27,294.84,1,270.1
6820,Denise Stirling,F,Raw,N,R-O,61.4,C63,85,32.5,125,242.5,10,265.59
1180,Derek Groat,M,Raw,N,Junior,58.1,C59,120,82.5,165,367.5,1,322.93
1509,Derrie Sutton,M,Raw,N,M-O,103.4,C105,225,150,270,645,2,387.55
7303,Dillon Ofoia,M,Raw,N,R-O,102.7,C105,,195,,195,1,117.46
1299,Dirk Lauber,M,Raw,N,M3,133.45,C140,,172.5,,172.5,3,97.12
6858,Douglas Neou,M,Raw,N,R-O,71.6,C74,182.5,112.5,215,510,5,375.74
7021,Douglas Staller,M,Raw,N,R-M2,100.7,C105,140,95,165,400,10,242.76
7246,Edgar Martinez,M,Raw,N,R-JR,81.7,C83,165,100,210,475,8,320.08
1131,Edvins Ozolins,M,Raw,N,Master 3,104.4,C105,110,132.5,195,437.5,1,261.96
7958,Edwin Torres,M,Raw,N,Submaster 35-39,81.5,C82.5,,142.5,,142.5,1,96.169
7301,Elijah Hassertt,M,Raw,N,R-JR,92,C93,167.5,110,232.5,510,2,322.04
3215,Elisabeth Lønning,F,Raw,N,Open,69,C72,,75,,75,1,75.36
4923,Eliza Reed,F,Raw,N,Amateur Junior 20-23,116.12,C90+,120.2,61.23,174.63,356.07,1,286.44
6683,Emily House,F,Raw,N,R-O,68.4,C72,125,95,177.5,397.5,2,401.89
15,Emma Nylund,F,Raw,N,RT 12-13,39.92,C40,67.5,27.5,76.5,171.5,1,256.44
7665,Eric Abenoja,M,Raw,N,Open,91.44,C100,,170,,170,1,107.666
1621,Eric Termuhlon,M,Raw,N,m4,87.59,C90,,105,147.5,252.5,1,163.5
7173,Erica Isaacs,F,Raw,N,R-O,62.4,C63,120,65,140,325,7,351.58
7721,Erin Gensler,F,Raw,N,Open,70.22,C75,102.5,77.5,165,345,1,342.48
7020,Eva Hambrick,F,Raw,N,R-JR,71.4,C72,130,85,127.5,342.5,1,336.17
7088,Evan Byrne,M,Raw,N,R-O,74.1,C75,177.5,112.5,182.5,472.5,7,339.55
1109,François Cazes,M,Raw,N,Master 1,75.8,C83,150,100,210,460,1,325.38
8383,Francisco Pardorla,M,Raw,N,Open,55.2,C56,137.5,102.5,165,405,2,373.95
2922,Fridtjov Olsen,M,Raw,N,Master +70,83.7,C93,,62.5,,62.5,1,41.51
8009,Gabriel Rivera,M,Raw,N,Open,81.4,C82.5,,,187.5,187.5,1,126.633
7789,Gary Panttila,M,Raw,N,Open Men,108.27,C110,,180,,180,1,106.456
1285,George McLaren,M,Raw,N,M-OR,183.3,C140+,365,227.5,360,952.5,1,511.15
1163,Gerald Chafe,M,Raw,N,Master 2,73.7,C74,157.5,87.5,177.5,422.5,4,304.79
6570,Gina Aversa,F,Raw,N,R-JR,78.4,C84,145,67.5,175,387.5,1,358.66
919,Guillaume Lamoureux,M,Raw,N,Open,86.1,C93,180,130,200,510,2,333.34
7364,Gunnar Denhart,M,Raw,N,R-JR,80.8,C83,195,142.5,227.5,565,2,383.33
6918,Hattie Jenkins,F,Raw,N,R-T1,91.7,C84+,82.5,42.5,110,235,1,201.53
7085,Ian Emmons,M,Raw,N,R-O,89.7,C90,,150,250,400,2,255.79
128,Ivan Andrusyak,M,Raw,N,Open,75,C75,140,125,170,435,4,309.96
1430,Jackie Blasbery,F,Raw,N,,77.55,C84,135,80,160,375,5,349.31
4756,Jackson Dahlenburg,M,Raw,N,,89.05,C93,187.5,112.5,220,520,4,333.78
5371,Jacob Byrd,M,Raw,N,Police/Fire,123.38,C125,,,226.8,226.8,1,129.59
7397,Jaeyoon Cho,M,Raw,N,M-RO,72.7,C75,112.5,72.5,110,295,1,214.908
8232,James Fernandez,M,Raw,N,Master 50-54,66.15,C67.5,,125,,125,1,97.97
8430,James Grant #3,M,Raw,N,Master 45-49,104.1,C110,185,145,227.5,557.5,1,334.16
7820,Jan Finney,F,Raw,N,Open,66.95,C67.5,110,85,147.5,342.5,1,351.624
7376,Jason Barthel,M,Raw,N,R-O,116.9,C120,,,285,285,1,164.9
7826,Jason Domingo,M,Raw,N,Open,98.7,C100,,175,300,475,1,290.617
7795,Jason Smith,M,Raw,N,Master 40+,89.77,C90,,,278,278,1,177.71
8158,Jason Welch,M,Raw,N,Open,81,C82.5,200,115,215,530,2,359.04
4619,Jay Hansen,M,Raw,N,,78.7,C83,170,100,190,460,1,317.35
8139,Jaymee Mansanas,F,Raw,N,Open,79.8,C82.5,132.5,65,147.5,345,1,316.12
7958,Jean-Luc Baden,M,Raw,N,Open,104.5,C110,285,197.5,290,772.5,1,462.389
5170,Jeff LaBrake,M,Raw,N,Military Amateur Open,113.94,C125,215.46,156.49,288.03,659.98,1,384.44
4921,Jeffrey Borsuk,M,Raw,N,Pro Junior 20-23,95.03,C100,240.4,156.49,244.94,641.83,1,399.18
4359,Jenna Beaumont,F,Raw,N,Open,76.8,C84,,82.5,,82.5,1,77.29
1146,Jennifer Carter,F,Raw,N,Open,68,C72,145,72.5,160,377.5,2,383.26
7123,Jennifer Green,F,Raw,N,R-M2a,59.8,C60,100,60,110,270,1,301.8
8270,Jeremy Rollman,M,Raw,N,Master 40-44,125,C125,,177.5,,177.5,1,101.15
5569,Jesse Conner,M,Raw,N,Juniors,83.64,C90,,117.93,192.78,310.71,1,206.46
6684,Jesse Jenkins,M,Raw,N,R-M,115.6,C120,192.5,142.5,200,535,2,310.43
7759,Jessica Fitzgibbons,F,Raw,N,Submaster Women 35-39,59.33,C60,,,145,145,1,163.07
6646,Jim Campbell,M,Raw,N,R-M1,140.9,C120+,,185,,185,1,103.28
5054,Joe Dombrowski,M,Raw,N,Amateur Junior 20-23,89.45,C90,199.58,131.54,242.67,573.79,1,367.45
7717,John Gerber,M,Raw,N,Master 40-44,80.01,C82.5,,160.5,,160.5,1,109.56
4524,John Leung,M,Raw,N,,64.95,C66,115,95,150,360,1,286.46
7732,John McCormick,M,Raw,N,Open Men,73.39,C75,172.5,125,192.5,490,2,354.545
122,John Nowicki,M,Raw,N,M_OR_AAPF,110,C110,,170,,170,1,100.04
7200,Jolene Loetscher,F,Raw,N,R-O,51.2,C52,,47.5,105,152.5,1,192.4
8199,Jon Miller,M,Raw,N,Open,87.8,C90,202.5,130,260,592.5,4,383.16
7302,Jonna Briannon,F,Raw,N,R-O,87.4,C84+,105,45,137.5,287.5,2,251.59
6998,Jordan Ramirez,M,Raw,N,R-O,89.9,C93,182.5,142.5,227.5,552.5,1,352.91
7743,Jose Conty,M,Raw,N,Junior Men 20-23,74.3,C75,137.5,132.5,192.5,462.5,1,331.73
7249,Jose Ramirez,M,Raw,N,R-T3,57.7,C59,125,97.5,167.5,390,1,344.95
6927,Joseph Garrison,M,Raw,N,R-JR,80.5,C83,192.5,125,250,567.5,2,385.92
7593,Joshua Hyman,M,Raw,N,Submaster Men,88.18,C90,150,117.5,200,467.5,1,301.63
7856,Joshua Robinson,M,Raw,N,Master 40-44,98.2,C100,207.5,100,245,552.5,1,338.75
83,Joshua Strohm,M,Raw,N,M_OR_AAPF,109.7,C110,230,172.5,250,652.5,1,384.31
8375,Judy Thomas,F,Raw,N,Master 50-54,73.8,C75,,45,100,145,1,139.26
6672,Justin Migliaccio,M,Raw,N,R-O,91,C100,130,105,162.5,397.5,,252.36
7856,Justin Woo,M,Raw,N,Junior 20-23,89.8,C90,212.5,137.5,225,575,1,367.493
1007,Kameron Hughes,M,Raw,N,Junior,104.6,C105,210,127.5,207.5,545,1,326.11
7247,Kameron Watson,M,Raw,N,R-JR,104.3,C105,222.5,135,235,592.5,6,354.89
3555,Karen Tvedt,F,Raw,N,Master 40-49,85.1,C84+,150,75,160,385,1,341.13
7209,Katie Biddle,F,Raw,N,R-O,75.4,C84,82.5,47.5,120,250,1,236.87
4339,Kavwa Sichone,M,Raw,N,Open,70.5,C74,,152.5,,152.5,2,113.66
3244,Kay Arne Skagseth,M,Raw,N,Open,101.4,C105,182.5,140,200,522.5,6,316.26
4763,Keijo Stenholm,M,Raw,N,,81.7,C83,170,135,180,485,5,326.82
4557,Keiko Nakai,F,Raw,N,O,54.65,C57,87.5,65,127.5,280,3,335.81
1180,Keira Hardwick,F,Raw,N,Junior,46.6,C47,80,32.5,82.5,195,1,263.87
6537,Kelby Sanders,M,Raw,N,R-M1a,87.7,C90,82.5,62.5,137.5,282.5,2,182.8
109,Kelly Peters,M,Raw,N,M-OR,105.69,C110,182.5,160,215,557.5,2,332.38
4748,Kevin Boatwood,M,Raw,N,,114.25,C120,,146.5,,146.5,2,85.27
6575,Kevin Lee,M,Raw,N,R-T3,81.9,C83,157.5,107.5,162.5,427.5,1,287.65
8066,Kevin Soung,M,Raw,N,Open,70.7,C75,177.5,130,195,502.5,1,373.73
3197,Knut Havnen Johansen,M,Raw,N,Open,93.25,C105,175,130,240,545,2,341.93
7015,Kyle Schuster,M,Raw,N,R-JR,110.5,C120,272.5,182.5,250,705,8,414.32
6856,Larrissa Gunn,F,Raw,N,R-O,79.6,C84,117.5,65,160,342.5,3,314.27
1279,Lauri Marttila,M,Raw,N,M-O,96.7,C100,,210,,210,2,129.6
7021,LeeAnn Hewitt,F,Raw,N,R-O,154.5,C84+,255,120,230,605,2,464.73
6979,Lindsey Blystone,F,Raw,N,R-O,83.2,C84,117.5,52.5,137.5,307.5,5,275.54
84,Lindsey Cardinal,F,Raw,N,F_OR_AAPF,79.8,C82.5,172.5,107.5,192.5,472.5,1,432.95
4591,Linh Vu,M,Raw,N,,73.85,C74,162.5,105,212.5,480,3,345.77
7300,Lori Sharon,F,Raw,N,R-O,67,C72,105,70,150,325,1,333.48
7459,Lucas Hisghman,M,Raw,N,M-O,74.8,C75,227.5,150,200,577.5,3,412.27
951,Lynn Lister,F,Raw,N,Open,62.3,C63,,60,,60,1,64.99
17,Lynne Castellanos,F,Raw,N,RLM 55-59,90,C90,,,137.5,137.5,1,118.81
2949,Magnus Eltvik Nygaard,M,Raw,N,Open,74.2,C83,165,130,220,515,1,369.74
6986,Mara Rosenfeld,F,Raw,N,R-JR,61.2,C63,,60,,60,1,65.88
1245,Marcela Sandvik,F,Raw,N,Open,51.23,C52,95,80,127.5,302.5,5,381.47
4684,Marcus Flanagan,M,Raw,N,,82.9,C83,145,112.5,165,422.5,3,282.22
4619,Mark Haureliuk,M,Raw,N,,110.8,C120,,152.5,,152.5,1,89.55
7951,Mark Kimener,M,Raw,N,Open,127.8,C140,265,197.5,327.5,790,1,448.227
8063,Mark Ray,M,Raw,N,Master 55-59,95.1,C100,175,142.5,230,547.5,1,340.4
886,Marshall Sonnenberg,M,Raw,N,Sub-Junior,97,C105,135,115,155.5,405.5,1,249.92
8219,Martin Felipe,M,Raw,N,Open,87.7,C90,170,137.5,227.5,535,5,346.19
1429,Martins Kruze,M,Raw,N,,142.5,C120+,325,205,310,840,6,468.17
6628,Matt Baxendale,M,Raw,N,R-O,64.8,C66,,82.5,,82.5,1,65.77
4969,Matt McMahon,M,Raw,N,Amateur Open,97.43,C100,,147.42,274.42,421.84,1,259.5
6637,Matthew Hussey,M,Raw,N,R-O,82.1,C83,175,122.5,195,492.5,2,330.89
4829,Mauro Soto,M,Raw,N,Masters 2,115.5,C120,200,112.5,185,497.5,1,288.74
7211,Mayra Harmon,F,Raw,N,R-O,66.7,C67.5,77.5,45,102.5,225,2,231.62
5139,Meghan Pierce,F,Raw,N,Amateur Junior 20-23,69.54,C75,104.33,56.7,124.74,285.76,1,285.59
7185,Mercedes Mello,F,Raw,N,R-O,51.2,C52,110,50,137.5,297.5,1,375.33
5264,Mica Angelic Batenga,F,Raw,N,Open,75,C75,97.52,43.09,113.4,254.01,1,241.47
5068,Michael Adelante,M,Raw,N,Amateur Open,82.46,C82.5,161.03,124.74,197.31,483.08,6,323.71
6976,Michael Bassett,M,Raw,N,R-O,81.4,C83,187.5,127.5,190,505,1,341.06
1520,Michael Battaglino,M,Raw,N,M-HW,127.6,C120,240,155,272.5,667.5,11,378.84
8417,Michael Mitts,M,Raw,N,Master 50-54,119.6,C125,,127.5,,127.5,G,73.36
7173,Michael Pietrowski,M,Raw,N,R-O,140.4,C120+,272.5,177.5,242.5,692.5,3,386.81
103,Michael Walling,M,Raw,N,M_MR_4_WPC,79.7,C82.5,,120,,120,1,82.12
7651,Michelle Rodriguez,F,Raw,N,Junior Women 16-17,44.91,C48,,47.5,,47.5,1,65.96
986,Mike Brennan,M,Raw,N,Open,80.8,C83,205,130,250,585,1,396.9
7170,MK Lander,F,Raw,N,R-O,80.5,C84,142.5,87.5,165,395,2,360.19
6979,Mohammad Ahead,M,Raw,N,R-JR,62.1,C66,147.5,87.5,192.5,427.5,4,353.53
1048,Mujeeb Salim,M,Raw,N,Open,64.4,C66,167.5,112.5,210,490,1,392.7
5452,Murry Keasler,M,Raw,N,Open,137.08,C140,,,240.4,240.4,1,134.77
7568,Natasha Mendoza,F,Raw,N,Junior Women,55.61,C56,55,30,62.5,147.5,1,174.5
7244,Neil Devoe,M,Raw,N,R-O,88.6,C93,205,140,225,570,5,366.84
4851,Nicholai Cushing,M,Raw,N,,103.4,C105,265,180,321,766,1,460.25
8272,Nicholas Mishima,M,Raw,N,Open,80.2,C82.5,192.5,115,192.5,500,3,340.81
4654,Nicholas Ryan,M,Raw,N,,85.8,C93,155,110,210,475,4,311.07
6876,Nicklas Bruske,M,Raw,N,R-T3,79.5,C83,,120,192.5,312.5,1,214.19
8287,Nida Namathep,F,Raw,N,Submaster,64.9,C67.5,120,82.5,152.5,355,1,372.86
2688,Nikolai Gransjøen,M,Raw,N,Open,81.3,C83,167.5,115,217.5,500,1,337.94
8078,Nikolai Karl,M,Raw,N,Open,40.8,C52,,107.5,,107.5,1,139.92
4372,Ning Chien,F,Raw,N,Open,78.5,C84,152.5,72.5,167.5,392.5,2,363.02
66,Noah Schor,M,Raw,N,M_TR_1_AAPF,80.7,C82.5,132.5,100,165,397.5,2,269.9
7061,Nolan Center,M,Raw,N,R-O,92.6,C93,152.5,82.5,187.5,422.5,20,265.96
7525,Oscar Reyes,M,Raw,N,Frosh/Soph Junior Varsity,67.5,C67.5,102.06,79.38,129.27,310.71,6,239.56
6896,Parker Liberty,M,Raw,N,R-T2,77.8,C83,132.5,105,170,407.5,1,283.25
8453,Parviz Odinaev,M,Raw,N,Pro,82.1,C82.5,,215,,215,5,144.45
6535,Patrick Danskin,M,Raw,N,R-O,117.48,C120,183.7,138.4,215.5,537.5,1,310.6
7756,Paul Belin,M,Raw,N,Open Men,87.45,C90,,160,,160,1,103.689
227,Paul Hawse,M,Raw,N,M2-R,75.9,C82.5,,115,145,260,1,183.75
7525,Paul Singh,M,Raw,N,JR/SR Varsity,82.5,C82.5,142.88,92.99,181.44,417.3,2,279.55
8397,Phil Horrocks,M,Raw,N,Junior 20-23,99.7,C100,175,120,202.5,497.5,2,303.14
7148,Phillip Rosenstern,M,Raw,N,R-O,92.07,C93,180,100,272.5,552.5,2,348.75
1206,Rafaela Kirloss,F,Raw,N,Open,45.3,C47,77.5,45,105,227.5,2,314.05
162,Reece Pearce,M,Raw,N,,103.7,C105,245,165,255,665,7,399.14
3446,Reidar Høyholm,M,Raw,N,Master 50-59,129.25,C120+,,,267.5,267.5,1,151.46
7053,Renato Capillas,M,Raw,N,R-JR,65.3,C66,147.5,75,187.5,410,3,324.78
7585,Rich Garcia,M,Raw,N,Open,114.67,C125,,,250,250,1,145.375
1404,Richard Gawlinski,M,Raw,N,Amateur Open,101.42,C110,,,258.55,258.55,1,156.48
8004,River Newman,M,Raw,N,Open,121.5,C125,,160,,160,1,91.728
945,Rob Lepine,M,Raw,N,Open,115.6,C120,260,177.5,265,702.5,1,407.63
6519,Robert Campbell,M,Raw,N,R-T1,66,C66,110,85,137.5,332.5,2,261.08
5000,Robert DeNofio,M,Raw,N,Amateur Junior,115.76,C125,240.4,129.27,263.08,632.76,1,367.03
954,Robert King,M,Raw,N,Open,84,C93,,120,,120,1,79.54
6816,Robert Landauer,M,Raw,N,R-M1b,98,C100,190,140,227.5,557.5,1,342.11
216,Robert McGlashin,M,Raw,N,M-R-A-O,115.3,C125,142.5,97.5,155,395,1,229.36
6516,Robert Schmidt,M,Raw,N,R-M1a,119.7,C120,,185,,185,1,106.42
7918,Robert Taylor,M,Raw,N,Open,108.4,C110,,212.5,,212.5,1,125.63
6985,Rodrigo Gualberto,M,Raw,N,R-O,85.8,C93,162.5,102.5,215,480,6,314.34
7356,Roger Rineck,M,Raw,N,R-M2,79.74,C83,102.1,97.5,158.8,358.3,2,245.11
1183,Ron Kilpatrick,M,Raw,N,Master 2,91.1,C93,200,100,202.5,502.5,1,318.84
1544,Ron Lessuck,M,Raw,N,m3,81.74,C82.5,,77.5,115,192.5,1,129.68
5068,Ryan Ceccarelli,M,Raw,N,Amateur Open,71.76,C75,,,217.72,217.72,1,160.14
6591,Ryan Maresch,M,Raw,N,R-O,119.5,C120,207.5,115,60,382.5,5,220.12
6836,Ryan Pollard,M,Raw,N,R-O,65.7,C67.5,180,105,180,465,1,366.49
7576,Salvatore Morabito,M,Raw,N,Master Men 70+,66.86,C67.5,,72.5,161,233.5,1,181.42
5017,Sam Eisenberg,M,Raw,N,Amateur Junior 20-23,81.56,C82.5,142.88,106.59,188.24,437.72,4,295.27
7763,Sam Pecktol,M,Raw,N,Master Men 60-64,155.04,C140+,,,280,280,1,154.2
1033,Samantha Solie,F,Raw,N,Junior,56.5,C57,122.5,67.5,135,325,1,379.74
7761,Sandra Foli,F,Raw,N,Master 70-74,109.95,C90+,,35,,35,1,28.46
8095,Sara Beller,F,Raw,N,Jr 20-23,81.1,C82.5,115,55,137.5,307.5,1,279.27
8309,Sarah Huckleby,F,Raw,N,Open,88.2,C90,,,137.5,137.5,1,119.84
4576,Sarah Petchel,F,Raw,N,,72.4,C84,120,70,152.5,342.5,2,333.07
1121,Sasha Hayes,F,Raw,N,Open,82.6,C84,122.5,47.5,140,310,1,278.81
5286,Scott Cherry,M,Raw,N,Open,87.82,C90,188.24,138.35,229.06,555.65,3,359.29
7016,Sean Benak,M,Raw,N,R-M1,103.4,C105,147.5,85,197.5,430,1,258.37
7786,Shannon Pose,F,Raw,N,Women Open,54.45,C56,80,40,135,255,1,306.706
1531,Shawn Kivela,M,Raw,N,m2,80.83,C82.5,,107.5,192.5,300,1,203.49
6489,Shayna L. Sutton,F,Raw,N,R-O,54.7,C57,90,55,140,285,5,341.56
8053,Sheena Hodges,F,Raw,N,Open,74.6,C75,145,80,170,395,1,376.77
1244,Sion Hughes,M,Raw,N,Juniors,90.93,C93,260,160,270,690,1,438.22
7021,Spencer Higbee,M,Raw,N,R-JR,91.5,C93,232.5,145,262.5,640,20,405.21
3451,Ståle Wærness,M,Raw,N,Open,81.2,C83,177.5,135,222.5,535,1,361.87
7313,Stacia Fisher,F,Raw,N,R-O,56.1,C57,100,50,132.5,282.5,2,331.93
7139,Stacy Simons,F,Raw,N,R-M1a,68.4,C72,,,170,170,2,171.88
1515,Stefan Oesterle,M,Raw,N,Heavy,85.09,C90,,,281.23,281.23,13,185.03
969,Stephen Flemming,M,Raw,N,Master 2,92.2,C93,150,135,170,455,2,287.01
1142,Steve Shirran,M,Raw,N,Open,113.4,C120,190,107.5,220,517.5,6,301.85
6984,Steven Krug,M,Raw,N,R-T3,102.4,C105,207.5,135,267.5,610,1,367.84
7041,Suzanne de Trafford,F,Raw,N,R-JR,70.6,C72,112.5,67.5,137.5,317.5,1,314.02
7818,Tamra Bartley,F,Raw,N,Open,74.48,C75,122.5,75,130,327.5,2,312.7
7870,Tanner Hanks,M,Raw,N,Junior 18-19,66.3,C67.5,117.5,87.5,145,350,1,273.8
7910,Tanye Lacombe,F,Raw,N,Master 55-59,104.5,C90+,,70,,70,1,57.59
3353,Thea Caroline Granhus,F,Raw,N,Junior 19-23,62.2,C63,130,70,130,330,2,357.86
6780,Thomas Fields,M,Raw,N,R-T,89.2,C93,210,122.5,272.5,605,1,388
1020,Thomas Luedersdorf,M,Raw,N,Open,81.7,C83,170,115,172.5,457.5,6,308.29
7779,Tim Hadden,M,Raw,N,Master Men 40-44,138.16,C140,235,180,267.5,682.5,1,382.15
7195,Todd Talford,M,Raw,N,R-O,81.6,C83,232.5,195,282.5,710,1,478.8
4321,Tom Hart,M,Raw,N,Juniors,105,C105,,130,,130,5,77.68
5481,Tommy Norris,M,Raw,N,,90,C90,,197.31,,197.31,1,125.96
1183,Tracey Shillum,F,Raw,N,Open,70.2,C72,127.5,75,147.5,350,1,347.51
7946,Tyler Herman,M,Raw,N,Junior 20-23,74.2,C75,,95,160,255,1,183.07
8385,Tyler Stammer,M,Raw,N,Junior 20-23,86.18,C90,135,92.5,182.5,410,1,267.84
8191,Tyler Wright,M,Raw,N,Open Men,108.8,C110,227.5,170,285,682.5,2,403.02
1538,Tylre Wirth,M,Raw,N,hs,64.46,C67.5,,,147.5,147.5,1,118.12
7030,Urbana Sepulveda,F,Raw,N,R-O,83.7,C84,135,77.5,150,362.5,2,323.84
4979,Vadim Tischenko,M,Raw,N,Amateur Teen 16-17,92,C100,,145,,145,1,91.56
1450,Vanessa Alvares,F,Raw,N,Open,56.5,C57,142.5,75,160,377.5,8,441.08
8047,Vaughan Chambers,F,Raw,N,Open,112.8,C90+,,65,77.5,142.5,1,115.27
7244,Walter Peterson,M,Raw,N,R-O,104.2,C105,240,177.5,280,697.5,1,417.93
8100,Wesley Alexander,M,Raw,N,Junior 20-23,89.2,C90,192.5,142.5,210,545,1,349.52
6670,Will Johnson,M,Raw,N,R-O,89.5,C90,172.5,130,227.5,530,2,339.31
7189,Will McKenzie,M,Raw,N,R-T1,72.1,C75,110,82.5,155,347.5,1,254.7
7072,William Horton,M,Raw,N,R-O,91.8,C93,160,92.5,175,427.5,11,270.23
7009,William Mcdonald,M,Raw,N,R-O,104,C105,205,120,205,530,27,317.78
1136,William Murphy,M,Raw,N,Junior,91.5,C93,210,145,270,625,1,395.71
7666,Yarnell Marks,M,Raw,N,Open Men,83.01,C82.5,232.5,167.5,250,650,1,433.849
1449,Yasushi Hasegawa,M,Raw,N,Masters 2,90.9,C93,232.5,145,220,597.5,5,379.53
7335,Zach Vandenhout,M,Raw,N,R-O,104.4,C105,235.9,154.2,244.9,635,1,380.22
7827,Zachary Noble,M,Raw,N,Open,89.99,C90,237.5,190,297.5,725,2,462.852
6882,Zoe Trombley,F,Raw,N,R-O,61.2,C63,132.5,70,180,382.5,1,419.98
6215,Aiden Carter,M,Single-ply,Y,Boys,96.66,C100,154.22,115.67,165.56,435.45,9,268.79
634,Ajay Sahota,M,Single-ply,Y,Sub-Junior,67.9,C75,95,57.5,125,277.5,3,212.95
7530,Alan Aerts,M,Single-ply,Y,Master 50-54,125.42,C140,160,190,220,569.99,1,324.59
775,Alastair MacNicol,M,Single-ply,Y,Junior,95.6,C100,235,122.5,240,597.5,1,370.61
5994,Alec Lara,M,Single-ply,Y,Boys,89.81,C90,231.33,170.1,197.31,598.74,2,382.64
2094,Aleksander Brekken Thorsen,M,Single-ply,Y,Teen 14-18,66,C67.5,,110,,110,2,86.37
99,Aleksandr Tkachuk,M,Single-ply,Y,M-M8-SP,77.6,C82.5,,105,,105,1,73.11
6032,Alex Aranda,M,Single-ply,Y,Boys,86.82,C90,181.44,88.45,192.78,462.66,15,301.01
1423,Alexey Sorokin,M,Single-ply,Y,,82.02,C82.5,380,220,310,910,1,611.76
138,Alister Cannings,M,Single-ply,Y,M-S,82.45,C83,300,190,260,750,2,502.61
6270,Aliver Chapa,M,Single-ply,Y,Boys,107.77,C110,254.01,161.03,235.87,650.91,2,385.54
2804,Anders Borgersen,M,Single-ply,Y,Teen 14-18,52,C53,,50,,50,1,49.06
3663,Anders Fjogstad,M,Single-ply,Y,Teen 14-18,63.6,C67.5,,82.5,,82.5,6,66.83
773,Andre Roy,M,Single-ply,Y,Open,86.3,C90,137.5,95,172.5,405,2,264.37
3177,Andreas Andersson,M,Single-ply,Y,Junior 19-23,94,C105,200,110,215,525,2,328.15
1488,Andrew Rose,M,Single-ply,Y,,75,C75,257.5,180,260,697.5,3,497.01
5819,Angel Navarro,M,Single-ply,Y,Boys,73.21,C75,188.24,95.25,181.44,464.93,4,337.01
6043,Anqurrus Harris,M,Single-ply,Y,Boys,59.69,C60,151.95,72.57,154.22,378.75,8,324.56
8248,April Shumaker,F,Single-ply,Y,Open,49.3,C52,147.5,120,160,427.5,1,555.05
5895,Aron Jahr,M,Single-ply,Y,Boys,82.37,C90,195.04,113.4,195.04,503.49,5,337.61
5737,Asael Lagos,M,Single-ply,Y,Boys,107.14,C110,215.46,106.59,192.78,514.83,6,305.53
7003,Ashley Ackett,F,Single-ply,Y,JR,63,C63,,77.5,142.5,220,12,236.27
6140,Aubrey Kelly,M,Single-ply,Y,Boys,95.62,C100,192.78,97.52,226.8,517.1,3,320.71
5771,Austen Campbell,M,Single-ply,Y,Boys,48.44,C52,127.01,79.38,142.88,349.27,1,370.03
6037,Austin Carrow,M,Single-ply,Y,Boys,59.51,C60,142.88,102.06,183.7,428.64,3,368.33
7358,Austin Payne,M,Single-ply,Y,T2,90.5,C,225,92.5,247.5,565,1,359.68
5657,Austin York,M,Single-ply,Y,Open,67.5,C67.5,170.1,127.01,172.37,469.47,2,361.97
181,Balvinder Parihar,M,Single-ply,Y,O,97.7,C105,,195,,195,3,119.82
5949,Ben Roberson,M,Single-ply,Y,Boys,83.91,C90,185.97,108.86,181.44,476.27,7,315.88
4063,Bente Restad,F,Single-ply,Y,Open,55.1,C56,,85,,85,2,101.29
1518,Bill Sindelar,M,Single-ply,Y,M-M2,109.9,C110,255,185,270,710,1,417.95
1880,Bjørn Grønvold,M,Single-ply,Y,Master 40-49,140.1,C125+,,200,,200,1,111.75
1922,Bjarne Synstad,M,Single-ply,Y,Master 40-49,81,C82.5,,160,,160,1,108.39
2900,Bjarne Vik,M,Single-ply,Y,Master 40-49,81.4,C82.5,,115,,115,2,77.67
1776,Bjarte Å. Skille,M,Single-ply,Y,Open,75,C75,165,92.5,175,432.5,1,308.18
5944,Brady Macaulay,M,Single-ply,Y,Boys,55.43,C56,142.88,74.84,165.56,383.29,2,352.45
7532,Brandon Castaneda,M,Single-ply,Y,Junior Men 19-23,79.11,C82.5,,100,,100,3,68.76
5777,Brandon Gonzalez,M,Single-ply,Y,Boys,81.47,C82.5,165.56,111.13,167.83,444.52,8,300.06
424,Brian Desjarlais,M,Single-ply,Y,Master 2,81.15,C82.5,,165,,165,1,111.65
6225,Brooks Coffman,M,Single-ply,Y,Boys,88,C90,142.88,102.06,149.69,394.63,16,254.89
5933,Caleb Wafer,M,Single-ply,Y,Boys,43.54,C52,52.16,36.29,63.5,151.95,4,182.31
1427,Carlos Garcia,M,Single-ply,Y,,58.41,C59,250,172.5,245,667.5,2,583.62
6383,Cesar Ledesma,M,Single-ply,Y,Boys,47.17,C52,124.74,72.57,136.08,333.39,3,363.95
6025,Chandler Brown,M,Single-ply,Y,Boys,59.87,C60,145.15,95.25,151.95,392.36,3,335.3
1574,Charlie Goen,M,Single-ply,Y,jr-sr,64.05,C67.5,135,92.5,137.5,365,1,293.88
6312,Chase Brooks,M,Single-ply,Y,Boys,79.83,C82.5,181.44,102.06,174.63,458.13,4,313.19
6390,Christian Garcia,M,Single-ply,Y,Boys,66.32,C67.5,181.44,95.25,181.44,458.13,8,358.3
6173,Clint Themis,M,Single-ply,Y,Boys,134.72,C125+,192.78,133.81,249.48,576.06,1,323.84
5909,Colten Upchurch,M,Single-ply,Y,Boys,41.37,C52,74.84,38.56,70.31,183.7,1,234.89
5813,Colton Salinas,M,Single-ply,Y,Boys,71.4,C75,117.93,68.04,149.69,335.66,10,247.81
7083,Connor Frasier,M,Single-ply,Y,Male,80,C,192.5,107.5,205,505,38,344.76
5967,Cristian Vazquez,M,Single-ply,Y,Boys,78.2,C82.5,165.56,95.25,140.61,401.43,2,278.09
1524,Cruz Rodriguez,M,Single-ply,Y,M-O,65.3,C66,225,160,200,585,2,463.41
7420,D. Holzbauer,M,Single-ply,Y,50-54,60,C60,145,100,177.5,422.5,4,360.34
6098,Daelin Campos,M,Single-ply,Y,Boys,55.29,C56,115.67,61.23,156.49,333.39,2,307.33
6934,Dahlen Wilson,M,Single-ply,Y,O,90.4,C93,220,137.5,250,607.5,1,386.95
5849,Dakota Smith,M,Single-ply,Y,Boys,81.87,C82.5,120.2,70.31,113.4,303.91,6,204.53
6333,Dalton Waller,M,Single-ply,Y,Boys,59.87,C60,161.03,88.45,188.24,437.72,1,374.06
6612,Dan Gresh,M,Single-ply,Y,O,101.9,C105,272.5,175,237.5,685,1,413.83
6155,Danny Ruiz,M,Single-ply,Y,Boys,53.89,C56,183.7,81.65,201.85,467.2,1,441.89
5952,Dante Gomez,M,Single-ply,Y,Boys,79.15,C82.5,249.48,149.69,215.46,614.62,1,422.46
1471,Dariia Brazhnyk,F,Single-ply,Y,Juniors,42.68,C43,122.5,65,112.5,300,2,430.91
6778,Daveidra Fisher,F,Single-ply,Y,JR,64,C72,113.4,54.4,140.6,308.4,1,327.3
6077,David Alsip,M,Single-ply,Y,Boys,93.26,C100,188.24,106.59,190.51,485.34,9,304.48
6108,David Carrasco,M,Single-ply,Y,Boys,48.08,C52,129.27,70.31,133.81,333.39,1,356.17
7388,David Jurgens,M,Single-ply,Y,Open,81.42,C82.5,217.5,142.5,287.5,647.5,2,437.24
6078,David Neil,M,Single-ply,Y,Boys,100.33,C110,199.58,113.4,215.46,528.44,7,321.18
6057,Dillon Daniel,M,Single-ply,Y,Boys,67.13,C67.5,195.04,97.52,165.56,458.13,9,354.79
5969,Dusty Burris,M,Single-ply,Y,Boys,72.57,C75,156.49,131.54,174.63,462.66,9,337.5
6012,Dwight Taylor,M,Single-ply,Y,Boys,128.55,C125+,204.12,142.88,192.78,539.77,13,305.92
6228,Edwardo Tijerina,M,Single-ply,Y,Boys,68.95,C75,136.08,74.84,149.69,360.61,12,273.41
2536,Eivind Sperre Austnes,M,Single-ply,Y,Open,73.4,C74,160,130,190,480,1,347.28
8086,Ekaterina Zaytseva,F,Single-ply,Y,Open,74,C75,,165,,165,1,158.19
1469,Eline Joergensen Sk.,F,Single-ply,Y,Open,62.46,C63,207.5,130,150,487.5,4,526.99
4498,Eric Dumas,M,Single-ply,Y,,90.3,C93,225,150,242.5,617.5,2,393.54
785,Eric Gagnon,M,Single-ply,Y,Master 1,89.7,C90,307.5,185,262.5,755,1,482.81
7428,Erik Wagner,M,Single-ply,Y,Junior,82.5,C82.5,207.5,157.5,227.5,592.5,7,396.92
6403,Esteban Urquieta,M,Single-ply,Y,Boys,50.44,C52,174.63,70.31,163.29,408.23,11,413.75
7576,Everett Cutburth,M,Single-ply,Y,Master Men 60+,94.71,C100,140,115,160,415,1,258.5
5765,Fernando Ramirez,M,Single-ply,Y,Boys,98.7,C100,158.76,95.25,165.56,419.57,6,256.71
725,François Gagné,M,Single-ply,Y,Master 1,107.9,C110,260,206,240,706,2,418.01
1966,Frank Gyland,M,Single-ply,Y,Master 40-49,87.9,C90,,197.5,,197.5,1,127.64
1417,Frank Hausburg,M,Single-ply,Y,,89.6,C90,295,172.5,305,772.5,9,494.28
7411,Frederica Nicholson,F,Single-ply,Y,,115.15,C90+,197.5,80,155,432.5,1,348.47
1845,Fredrik Danielsen,M,Single-ply,Y,Teen 14-18,73.4,C75,195,117.5,220,532.5,2,385.27
5763,Gabriel Gomez,M,Single-ply,Y,Boys,69.49,C75,124.74,92.99,142.88,360.61,1,271.76
2094,Geir Ottar Olsen,M,Single-ply,Y,Master 40-49,74.1,C75,,117.5,,117.5,1,84.44
5873,Gejuan Morris,M,Single-ply,Y,Boys,84.73,C90,142.88,70.31,183.7,396.89,12,261.76
6328,George Hughes,M,Single-ply,Y,Boys,130.73,C125+,235.87,140.61,215.46,591.94,2,334.46
6270,Gilbert Romero,M,Single-ply,Y,Boys,101.7,C110,235.87,147.42,206.38,589.67,4,356.51
5743,Gilibaldo Garcia,M,Single-ply,Y,Boys,72.8,C75,165.56,90.72,188.24,444.52,6,323.52
792,Grace Bartel,F,Single-ply,Y,Master 2,52.4,C56,70,50,112.5,232.5,1,288.13
7535,Guerrero Lopez,M,Single-ply,Y,Junior 16-18,99.06,C100,,,282.5,282.5,1,172.58
5871,Gunner Vest,M,Single-ply,Y,Boys,89.72,C90,147.42,90.72,167.83,405.97,6,259.58
4395,Helen Allen,F,Single-ply,Y,O,57.3,C60,115,60,152.5,327.5,4,378.47
6103,Holden Rogers,M,Single-ply,Y,Boys,62.23,C67.5,138.35,79.38,147.42,365.14,6,301.41
6326,Holden Rogers,M,Single-ply,Y,Boys,61.6,C67.5,142.88,83.91,161.03,387.82,5,323.02
7001,Howard Sturman,M,Single-ply,Y,M2b,90,C93,,155,,155,1,98.95
7242,Hunter Dollery,M,Single-ply,Y,C,73.3,C74,210,127.5,220,557.5,2,403.75
5966,Ilias Rodriguez,M,Single-ply,Y,Boys,85.87,C90,188.24,102.06,201.85,492.15,3,322.15
5950,Isaac Hernandez,M,Single-ply,Y,Boys,60.96,C67.5,124.74,70.31,127.01,322.05,8,270.75
7050,Israel Castro,M,Single-ply,Y,JR,51.7,C53,113.4,93,124.7,331.1,2,326.88
1427,Ivaylo Hristov,M,Single-ply,Y,,118.31,C120,405,305,340,1050,2,605.71
6879,Jacob Fossler,M,Single-ply,Y,O,64,C66,135,80,135,350,1,281.99
6243,Jacob Humphrey,M,Single-ply,Y,Boys,106.5,C110,129.27,61.23,136.08,326.59,5,194.21
5998,Jacob Riley,M,Single-ply,Y,Boys,74.84,C75,181.44,102.06,242.67,526.17,1,375.49
167,Jakub Zareba,M,Single-ply,Y,M-E-JR,81.2,C83,222.5,145,240,607.5,1,410.91
4189,James Bradbury,M,Single-ply,Y,,110,C110,,170,,170,2,100.04
6054,James Castillo,M,Single-ply,Y,Boys,130.45,C125+,258.55,142.88,231.33,632.76,6,357.66
5781,James Henderson,M,Single-ply,Y,Boys,66.5,C67.5,158.76,74.84,154.22,387.82,4,302.64
4398,James Wallace,M,Single-ply,Y,O18,81.5,C82.5,,110,,110,1,74.24
1979,Jan Inge Espedal,M,Single-ply,Y,Open,100,C100,300,220,275,795,1,483.83
634,Jane Smith,F,Single-ply,Y,Master 1,65.8,C67.5,,70,,70,1,72.78
395,Jason Platts,M,Single-ply,Y,Open,90,C90,225,150,250,625,1,399
634,Jason Rai,M,Single-ply,Y,Sub-Junior,99.3,C100,100,60,125,285,1,173.94
5791,Javier Elizondo,M,Single-ply,Y,Boys,80.74,C82.5,183.7,147.42,201.85,532.97,8,361.77
7254,JC Wright,M,Single-ply,Y,O,103.5,C105,332.5,205,320,857.5,1,515.05
6245,Jeb Dickson,M,Single-ply,Y,Boys,64.59,C67.5,165.56,86.18,172.37,424.11,2,339.05
4498,Jennifer Willcock,F,Single-ply,Y,,62.5,C63,120,75,130,325,5,351.15
2287,Jens Petter Kjos,M,Single-ply,Y,Junior 19-23,74,C75,210,120,220,550,5,395.62
6180,Jerome Wreh,M,Single-ply,Y,Boys,91.35,C100,183.7,102.06,204.12,489.88,8,310.41
969,Jerry Marentette,M,Single-ply,Y,Master 2,94,C105,,198,,198,1,123.76
4440,Jesse Warren,M,Single-ply,Y,J,84.1,C90,170,107.5,155,432.5,1,286.48
6029,Jessy Upchurch,M,Single-ply,Y,Boys,82.1,C82.5,190.51,136.08,192.78,519.36,2,348.94
5862,Jesus Palmerin,M,Single-ply,Y,Boys,74.48,C82.5,170.1,92.99,183.7,446.79,7,319.92
2706,John Anders Terland,M,Single-ply,Y,Open,103.4,C105,290,190,280,760,1,456.65
6169,John Davis,M,Single-ply,Y,Boys,51.53,C52,83.91,61.23,92.99,238.14,1,235.92
1518,John Edwards,M,Single-ply,Y,M-O,116.6,C125,342.5,220,292.5,855,1,495.01
634,John MacDonald,M,Single-ply,Y,Junior,108.5,C110,265,207.5,277.5,750,1,443.27
6122,Johnathan Castellano,M,Single-ply,Y,Boys,65.14,C67.5,124.74,88.45,136.08,349.27,3,277.24
2650,Jon Ramstad,M,Single-ply,Y,Open,92.93,C93,,197.5,,197.5,1,124.11
1266,Jonathan Kerremans,M,Single-ply,Y,Juniors,82.05,C83,275,187.5,252.5,715,5,480.56
6225,Jordan Redfearn,M,Single-ply,Y,Boys,134.72,C125+,226.8,122.47,215.46,564.72,12,317.46
6979,Jose B. Cardoso,M,Single-ply,Y,T2,82.7,C83,167.5,112.5,202.5,482.5,1,322.76
5849,Jose Hernandez,M,Single-ply,Y,Boys,95.93,C100,145.15,102.06,192.78,439.98,4,272.49
6289,Josh Brinkley,M,Single-ply,Y,Boys,53.52,C56,127.01,58.97,129.27,315.25,11,300.27
5822,Josh Caldwell,M,Single-ply,Y,Boys,97.52,C100,195.04,92.99,183.7,471.74,4,290.08
5741,Josh Del Angel,M,Single-ply,Y,Boys,51.71,C52,72.57,61.23,113.4,247.21,6,244.01
5772,Juan Mancilla,M,Single-ply,Y,Boys,87.18,C90,140.61,83.91,179.17,403.7,5,262.06
5905,Juan Medina,M,Single-ply,Y,Boys,76.02,C82.5,122.47,72.57,122.47,317.51,16,224.15
5831,Juan Oyervidez,M,Single-ply,Y,Boys,87.54,C90,108.86,68.04,136.08,312.98,8,202.72
6117,Juan Padron,M,Single-ply,Y,Boys,53.89,C56,115.67,63.5,127.01,306.17,2,289.59
6302,Julian Ramos,M,Single-ply,Y,Boys,80.65,C82.5,158.76,99.79,181.44,439.98,2,298.86
6249,Julio Sanchez #2,M,Single-ply,Y,Boys,106.59,C110,183.7,102.06,210.92,496.68,6,295.26
6999,Kailee Guth,F,Single-ply,Y,T3,51.1,C52,117.5,60,162.5,340,2,429.59
5872,Kallen Miller,M,Single-ply,Y,Boys,105.41,C110,219.99,131.54,210.92,562.45,5,335.64
2523,Karl Petter Monsen,M,Single-ply,Y,Teen 14-18,87.7,C93,215,105,185,505,1,326.77
1252,Karl-Heinz May,M,Single-ply,Y,Masters 3,130.81,C120+,145,190,200,535,2,302.26
7221,Katie Rodriquez,F,Single-ply,Y,T3,45.2,C47,70,32.5,87.5,190,1,262.68
7418,Kenneth Palcowski,M,Single-ply,Y,Varsity,85.4,C90,192.5,130,242.5,565,7,370.98
7323,Kevin Witkowski,M,Single-ply,Y,T2,65.1,C66,147.4,86.2,188.2,421.8,3,334.98
6033,Keyontea Cooper,M,Single-ply,Y,Boys,109.68,C110,226.8,117.93,197.31,542.04,4,319.27
5919,Kingrey Sullins,M,Single-ply,Y,Boys,92.99,C100,179.17,102.06,167.83,449.06,4,282.11
2877,Kjetil Løvaas,M,Single-ply,Y,Master 60-69,116.51,C120,,200,,200,1,115.81
6341,Kole Barrentine,M,Single-ply,Y,Boys,51.48,C52,83.91,65.77,136.08,285.76,5,283.39
5809,Kyson Hogue,M,Single-ply,Y,Boys,87.54,C90,122.47,88.45,142.88,353.8,19,229.16
391,Laurie Greenidge,M,Single-ply,Y,Open,87.2,C90,160,135,165,460,9,298.57
6017,Lawrence Chavez,M,Single-ply,Y,Boys,55.97,C60,111.13,68.04,142.88,322.05,5,293.33
2935,Lena Sjøl,F,Single-ply,Y,Teen 14-18,53.41,C57,,77.5,,77.5,1,94.63
5819,Leo Colom,M,Single-ply,Y,Boys,97.61,C100,197.31,117.93,210.92,526.17,2,323.43
1465,Lewis Noppers,M,Single-ply,Y,Open,65.84,C66,245,150,260,655,12,515.33
7555,Linda Adam,F,Single-ply,Y,Master Women,60.51,C67.5,,,97.5,97.5,1,107.99
6250,Logan Evans,M,Single-ply,Y,Boys,65.32,C67.5,142.88,77.11,149.69,369.68,7,292.77
268,M. Carp,M,Single-ply,Y,Open,98.6,C100,240,155,250,645,2,394.8
7426,M. Sanders,M,Single-ply,Y,Varsity,79.9,C82.5,192.5,107.5,245,545,9,372.36
6382,Makoyee Franks,M,Single-ply,Y,Boys,87.09,C90,158.76,92.99,192.78,444.52,1,288.72
6012,Manuel Saavedra,M,Single-ply,Y,Boys,149.96,C125+,249.48,124.74,188.24,562.45,10,311.21
6143,Marcelo Vega,M,Single-ply,Y,Boys,65.09,C67.5,133.81,83.91,140.61,358.34,7,284.62
6389,Marcus Fabela,M,Single-ply,Y,Boys,93.03,C100,226.8,124.74,213.19,564.72,3,354.7
2514,Maria Birkeli,F,Single-ply,Y,Open,77.4,C84,132.5,85,142.5,360,1,335.72
2424,Marius Nagel,M,Single-ply,Y,Teen 14-18,78.7,C82.5,115,90,127.5,332.5,2,229.39
775,Mark MacWilliams,M,Single-ply,Y,Open,73.7,C75,172.5,107.5,187.5,467.5,1,337.25
6274,Martez Vrana,M,Single-ply,Y,Boys,77.56,C82.5,147.42,102.06,172.37,421.84,3,293.81
3227,Martin Eriksen,M,Single-ply,Y,Open,82.6,C83,,217.5,,217.5,1,145.6
6299,Mason Shoalmire,M,Single-ply,Y,Boys,119.29,C125,174.63,95.25,188.24,458.13,6,263.76
6294,Matt Hemphill,M,Single-ply,Y,Boys,81.28,C82.5,235.87,147.42,224.53,607.81,1,410.87
6052,Matthew Cano,M,Single-ply,Y,Boys,55.79,C56,113.4,72.57,136.08,322.05,7,294.26
7288,Max Broburg,M,Single-ply,Y,JR,85.2,C90,195,130,215,540,1,355.03
979,Maxime Lamarre,M,Single-ply,Y,Junior,76.7,C83,,132.5,,132.5,1,92.98
7268,Michael Pennacchia Jr,M,Single-ply,Y,O,103.8,C105,,,335,335,2,201
6211,Michael Scherrer,M,Single-ply,Y,Boys,57.15,C60,111.13,54.43,104.33,269.89,4,240.91
1267,Michaela Botkova,F,Single-ply,Y,Sub-Juniors,92.34,C84+,200,130,170,500,2,427.63
6267,Miguel Arroyo,M,Single-ply,Y,Boys,55.52,C56,145.15,83.91,156.49,385.55,2,353.96
1700,Mikkel Østreng,M,Single-ply,Y,Teen 14-18,89.8,C90,120,130,160,410,1,262.04
5922,Montana Meador,M,Single-ply,Y,Boys,72.12,C75,156.49,95.25,167.83,419.57,7,307.46
7463,Mykola Oliynyk,M,Single-ply,Y,M-O,86.16,C90,,,260,260,1,169.87
7508,Narbe Mansourian,M,Single-ply,Y,Open Men,65.32,C67.5,,162.5,,162.5,1,128.69
6785,Nate Flores,M,Single-ply,Y,O,114,C120,256.3,183.7,240.4,680.4,2,396.28
6052,Nathan Mendiaz,M,Single-ply,Y,Boys,48.81,C52,142.88,88.45,138.35,369.68,3,388.36
7506,Nathan Wright,M,Single-ply,Y,Junior Men,135.17,C140,,,215,215,1,120.8
7345,Nathaniel Ramsey,M,Single-ply,Y,HS,65.8,C67.5,165,77.5,182.5,425,6,334.54
2352,Nichlas Wesche Evjen,M,Single-ply,Y,Junior 19-23,94.1,C100,,140,,140,1,87.46
4675,Nicholas Larionow,M,Single-ply,Y,,123.65,C120+,,150,,150,3,85.67
7519,Nick Frankovitch,M,Single-ply,Y,Open Men,120.07,C125,205,190,205,599.99,2,344.9
1581,Nick Rhame,M,Single-ply,Y,jr,120.29,C125,,272.5,,272.5,1,156.58
5873,Nick Tucci,M,Single-ply,Y,Boys,92.8,C100,197.31,106.59,231.33,535.24,11,336.58
7419,Nicole Paul,F,Single-ply,Y,,47.51,C48,105,42.5,110,257.5,2,343.61
2358,Nils Magne Grude,M,Single-ply,Y,Master 40-49,88.5,C90,,140,,140,1,90.16
1447,Nobuyuki Hamada,M,Single-ply,Y,Masters 1,73.64,C74,290,210,260,760,1,548.58
5904,Norby Fuentes,M,Single-ply,Y,Boys,88.9,C90,226.8,165.56,183.7,576.06,2,370.09
631,Onkar Sandhu,M,Single-ply,Y,Sub-Junior,67.8,C75,85,72.5,145,302.5,1,232.41
7452,Pat Anderson,M,Single-ply,Y,,125,C125,310,257.5,287.5,855,7,487.22
5886,Paul Dominguez,M,Single-ply,Y,Boys,108.77,C110,290.3,188.24,240.4,718.94,1,424.58
8227,Paul Popoff,M,Single-ply,Y,Open,137.5,C140,,242.5,,242.5,1,135.88
7482,Paul Roa,M,Single-ply,Y,Open Men,97.52,C100,,137.5,,137.5,3,84.551
2388,Per Olav Grønningen,M,Single-ply,Y,Open,110,C120,270,160,220,650,1,382.52
671,Peter Vickery,M,Single-ply,Y,Open,110,C110,195,165,225,585,1,344.27
7406,Phil Leader,M,Single-ply,Y,,99.1,C100,322.5,212.5,282.5,817.5,6,499.34
5783,Preston Bradic,M,Single-ply,Y,Boys,95.25,C100,174.63,138.35,208.65,521.63,5,324.08
7011,Quinequa Hughes,F,Single-ply,Y,C,47.1,C52,97.5,42.5,120,260,6,349.14
6059,Ramiro Gonzalez,M,Single-ply,Y,Boys,65.59,C67.5,192.78,117.93,201.85,512.56,4,404.53
6377,Ramon Sanchez,M,Single-ply,Y,Boys,107.77,C110,226.8,122.47,215.46,564.72,7,334.49
7418,Renee Hintz,F,Single-ply,Y,Varsity,86.2,C90,137.5,77.5,145,360,2,317.04
59,Reno Karkuschke,M,Single-ply,Y,M_OES_WPC,59.6,C60,,,162.5,162.5,1,139.44
5537,Riley Burrows,M,Single-ply,Y,Open,82.1,C82.5,,181.44,,181.44,1,121.9
2947,Roald Kollåsen,M,Single-ply,Y,Master 40-49,113.9,C120,250,205,290,745,1,434.01
5948,Robert Alaniz,M,Single-ply,Y,Boys,66.32,C67.5,199.58,117.93,195.04,512.56,3,400.87
15,Robert Bienvienu,M,Single-ply,Y,LM 65-69,82.19,C82.5,,82.5,,82.5,1,55.39
326,Robert O Smith,M,Single-ply,Y,Open,139.6,C140+,,185,,185,2,103.42
4073,Robin W. Skarbø,M,Single-ply,Y,Teen 14-18,99.9,C100,215,145,245,605,1,368.34
5359,Robyn Blankenship,F,Single-ply,Y,Open,75,C75,176.9,124.74,181.44,483.08,1,459.24
5957,Rogelio Pulido,M,Single-ply,Y,Boys,73.12,C75,254.01,124.74,265.35,644.1,1,467.29
1798,Rolf Stenberg,M,Single-ply,Y,Master 50-59,107.2,C110,,175,,175,3,103.84
3908,Rune Bakke,M,Single-ply,Y,Open,99.4,C100,265,182.5,280,727.5,1,443.82
1160,Ryan Kells,M,Single-ply,Y,Master 1,99.7,C105,,125,,125,1,76.17
5982,Ryan Leleux,M,Single-ply,Y,Boys,66.5,C67.5,176.9,111.13,199.58,487.61,1,380.51
7417,Sabrina Pledger,F,Single-ply,Y,Open,,C90+,185,85,177.5,447.5,4,
5832,Santos Lazos,M,Single-ply,Y,Boys,124.38,C125,219.99,131.54,226.8,578.33,2,329.89
7027,Sarah Davis,F,Single-ply,Y,C,83.6,C84,210,146,207.5,563.5,1,503.7
7410,Sarah Greenup,F,Single-ply,Y,Open,,C90+,197.5,82.5,172.5,452.5,5,
7019,Savannah Moncada,F,Single-ply,Y,Var,47.2,C48,125,45,125,295,4,395.53
7522,Scott Bloomer,M,Single-ply,Y,Master Men 40-44,64.18,C67.5,,117.5,,117.5,3,94.44
7524,Scott Layman,M,Single-ply,Y,Open Men,66.9,C67.5,250,177.5,220,647.49,1,502.82
6149,Sean Collins,M,Single-ply,Y,Boys,67.13,C67.5,176.9,92.99,156.49,426.38,1,330.2
5859,Sergio Cabrera,M,Single-ply,Y,Boys,119.57,C125,215.46,136.08,197.31,548.85,2,315.81
1421,Sergiy Pevnev,M,Single-ply,Y,,98.62,C100,370,282.5,340,992.5,3,607.45
6352,Shiloh George,M,Single-ply,Y,Boys,50.53,C52,122.47,70.31,136.08,328.85,2,332.66
1809,Simen Paulsen,M,Single-ply,Y,Junior 19-23,77.4,C82.5,160,105,165,430,1,299.91
773,Stan Goss,M,Single-ply,Y,Master 2,79.7,C82.5,160,112.5,200,472.5,1,323.34
6055,Steven Cabrera,M,Single-ply,Y,Boys,74.75,C75,185.97,122.47,179.17,487.61,9,348.26
2607,Stig Frøhoel,M,Single-ply,Y,Master 40-49,84.2,C93,,200,,200,2,132.38
6145,Tahjae Collins,M,Single-ply,Y,Boys,120.2,C125,210.92,122.47,195.04,528.44,4,303.69
5821,Tanner Mills,M,Single-ply,Y,Boys,86.68,C90,149.69,97.52,161.03,408.23,6,265.84
7628,Thomas Miller,M,Single-ply,Y,Master Men 70+,73.21,C75,147.5,70,160,377.5,1,273.63
6357,Tien Nguyen,M,Single-ply,Y,Boys,55.16,C56,117.93,83.91,156.49,358.34,3,331.11
7424,Tiffany Jo Williams,F,Single-ply,Y,Open,72.3,C75,80,57.5,142.5,280,10,272.54
6601,Tim Daly,M,Single-ply,Y,T1,88.8,C90,127.5,92.5,165,385,1,247.49
1481,Tony Galvez,M,Single-ply,Y,,58.5,C60,247.5,122.5,235,605,2,528.21
2518,Tore Wisth,M,Single-ply,Y,Master 40-49,78,C82.5,,102.5,,102.5,1,71.13
2230,Torleif Trosdahl,M,Single-ply,Y,Master 40-49,111.7,C125,230,132.5,227.5,590,1,345.62
7619,Trace Ryan,F,Single-ply,Y,Women-by Wilks formula,67.31,C67.5,,107.5,,107.5,3,109.935
7671,Troy Willis,M,Single-ply,Y,Master Men 40-44,99.79,C100,,,277.5,277.5,1,169.03
6368,Ty Roaches,M,Single-ply,Y,Boys,126.37,C125+,267.62,154.22,226.8,648.64,3,368.82
2465,Vegard Skogan Færås,M,Single-ply,Y,Open,93,C93,,185,,185,2,116.22
1493,Victor Naleykin,M,Single-ply,Y,Open,119.1,C125,385,195,360,940,2,541.38
7011,Vincent Moon,M,Single-ply,Y,C,65,C66,210,155,187.5,552.5,9,439.35
5853,Vincent Tran,M,Single-ply,Y,Boys,90.72,C100,219.99,140.61,215.46,576.06,1,366.28
6237,Wade Walsh,M,Single-ply,Y,Boys,106.14,C110,147.42,102.06,151.95,401.43,7,238.98
559,Warren Hilgers,M,Single-ply,Y,SO,67.5,C67.5,,50,100,150,3,115.65
7747,Warren Oaks,M,Single-ply,Y,Junior Men 18-19,88.9,C90,245,200,245,690,1,443.29
6933,Wilbur O'Briant,M,Single-ply,Y,BP,81.5,C83,,190,,190,1,128.23
7444,Willie Croner,M,Single-ply,Y,,123.6,C125,385,235,322.5,942.5,3,538.33
1422,Wing-Yuk Ip,F,Single-ply,Y,,61.44,C67.5,125,72.5,142.5,340,11,372.19
392,Yves Bedard,M,Single-ply,Y,Open,55.7,C56,,125,,125,1,114.39
5969,Zach Brigandi,M,Single-ply,Y,Boys,56.34,C60,120.2,77.11,133.81,331.12,7,299.66
6329,Zach Whitley,M,Single-ply,Y,Boys,81.24,C82.5,204.12,124.74,204.12,532.97,6,360.39
6023,Zachary Gartman,M,Single-ply,Y,Boys,89.54,C90,240.4,117.93,217.72,576.06,2,368.72
5878,Zack Flick,M,Single-ply,Y,Boys,102.87,C110,136.08,72.57,140.61,349.27,13,210.26
1557,Adam Finley,M,Wraps,Y,open,108.36,C110,205,157.5,242.5,605,1,357.72
5384,Adam Johnson,M,Wraps,Y,Juniors,106.59,C110,251.74,183.7,258.55,694,1,412.57
5525,Aislinn Woody,F,Wraps,Y,F-L-R,67.13,C75,105,57.5,137.5,300,2,307.4
7700,Al Laporte,M,Wraps,Y,Master Men 50-54,89.22,C90,190,155,227.5,572.5,1,367.12
7659,Alex Walker,M,Wraps,Y,Open Men,107.46,C110,300,205,300,805,1,477.267
7739,Ashely Paiz,F,Wraps,Y,Open Women,55.29,C56,147.5,70,155,372.5,1,442.669
6454,Ashley R. Gleckler,F,Wraps,Y,AD-Open,73,C75,142.5,62.5,167.5,372.5,1,360.29
7813,Blanca Rios,F,Wraps,Y,Open,59.69,C60,102.5,45,132.5,280,1,313.42
7636,Brady Jones,M,Wraps,Y,Open,126.1,C140,325,210,305,840,1,477.83
8071,Brandi Sneed,F,Wraps,Y,Open,93.1,C90+,167.5,97.5,167.5,432.5,1,368.753
1575,Carlos Linder,M,Wraps,Y,sm2,106.59,C110,192.5,107.5,235,535,3,318.04
4943,Carlos Reyes,M,Wraps,Y,Pro Junior 20-23,99.79,C100,322.05,181.44,290.3,793.79,2,483.5
6466,Carson Parks,M,Wraps,Y,MT3R,81.6,C82.5,227.5,170,272.5,670,1,451.82
7768,Chad Tucker,M,Wraps,Y,Open Men,97.98,C100,215,117.5,232.5,565,2,346.746
1619,Chris Northern,M,Wraps,Y,M1,113.85,C125,206.38,167.83,242.67,616.89,1,359.42
5591,Cody McCoy,M,Wraps,Y,Juniors,96.98,C100,204.12,140.61,244.94,589.67,1,363.47
5644,Corban Meckrell,M,Wraps,Y,Teenage (13-15),84.64,C90,179.17,117.93,231.33,528.44,1,348.74
8430,Dameon Hardy,M,Wraps,Y,Master 40-44,108,C110,232.5,170,260,662.5,1,392.14
8286,David Ramirez,M,Wraps,Y,Open,87.3,C90,187.5,135,227.5,550,3,356.77
5032,Deanne Tonry,F,Wraps,Y,Amateur Open,49.44,C52,102.06,61.23,113.4,276.69,1,358.48
7917,Duke Logan,M,Wraps,Y,Junior 20-23,73.9,C75,175,145,205,525,1,378.002
1330,Edward Parent,M,Wraps,Y,Pro Junior 20-23,96.34,C100,208.65,170.1,231.33,610.08,1,377.13
8162,Eloy Martinez,M,Wraps,Y,Open,100,C100,250,167.5,245,662.5,1,403.19
4943,George Wilson,M,Wraps,Y,Amateur Master 65-69,102.87,C110,181.44,170.1,226.8,578.33,1,348.15
1336,Greg Crook,M,Wraps,Y,Pro Open,90,C90,251.74,158.76,238.14,648.64,1,414.09
1300,Gus Cooke,M,Wraps,Y,M-OR,111.8,C125,300,200,265,765,3,448.02
6446,Haley Hudson,F,Wraps,Y,FT3R,70,C75,112.5,62.5,127.5,302.5,1,300.94
5597,Hector Benatti,M,Wraps,Y,Open,111.58,C117.5,185.97,142.88,231.33,560.19,2,328.26
5020,Jackson Bucy,M,Wraps,Y,Amateur Teen 16-17,96.98,C100,185.97,149.69,208.65,544.31,1,335.51
5077,James Hull,M,Wraps,Y,Amateur Master 45-49,86.73,C90,138.35,99.79,158.76,396.89,1,258.37
6428,Jessica Lilliebridge,F,Wraps,Y,FOR,58.6,C60,105,45,120,270,3,306.6
6474,John Bebes,M,Wraps,Y,AD Master 3,86.91,C90,137.5,77.5,182.5,397.5,2,258.47
5069,Jonathen Booher,M,Wraps,Y,Amateur Open,79.11,C82.5,154.22,108.86,215.46,478.54,1,329.03
7730,Josh Combs,M,Wraps,Y,Junior Men 20-23,123.38,C125,365,192.5,320,877.5,1,501.395
1385,Julia Shifko,F,Wraps,Y,Amateur Teen (14-15),76.43,C82.5,68.04,38.56,77.11,183.7,1,172.61
5647,Justin Wilcoxon,M,Wraps,Y,Open,163.84,C140+,362.87,226.8,306.17,895.84,1,489.37
5524,Katerine Whitfield,F,Wraps,Y,Juniors,78.83,C82.5,90.72,45.36,108.86,244.94,1,225.99
6447,Kevin Freeman,M,Wraps,Y,MOR,116.4,C125,202.5,160,247.5,610,2,353.32
5434,Kirsten Kinneberg,F,Wraps,Y,Open,60,C60,102.06,68.04,117.93,288.03,1,321.12
5507,Lee Morris,M,Wraps,Y,Masters 45-49,89.09,C90,226.8,181.44,249.48,657.71,1,422.08
1574,Louie Etuale,M,Wraps,Y,jr-sr,129.55,C140,272.5,175,272.5,720,1,407.48
121,Luis Gonzalez,M,Wraps,Y,M_OCR_APF,91.7,C100,125,80,137.5,342.5,4,216.62
5471,Mark Kolc,M,Wraps,Y,Light,87.32,C100,192.5,160,257.5,610,2,395.64
5269,Marlan Woods,M,Wraps,Y,Open,81.37,C82.5,226.8,124.74,238.14,589.67,1,398.34
5513,Matt Oliver,M,Wraps,Y,Open,81.01,C82.5,222.26,151.95,226.8,601.01,1,407.11
5626,Matthew Scherbik,M,Wraps,Y,Open,100,C100,276.69,179.17,283.5,739.36,2,449.97
132,Matvey Kovalev,M,Wraps,Y,Juniors,72,C75,190,105,190,485,1,355.85
5601,Max Aita,M,Wraps,Y,M-M-R,109.32,C,320,140,290,749.99,3,442.21
5009,Michael David Secora,M,Wraps,Y,Amateur Open,88.36,C90,183.7,104.33,201.85,489.88,11,315.73
4945,Michael Lackey,M,Wraps,Y,Amateur Junior 20-23,97.43,C100,235.87,183.7,258.55,678.12,1,417.16
5170,Mike Bianchi,M,Wraps,Y,Pro Open,107.41,C110,319.78,240.4,272.16,832.34,2,493.55
5056,Mindy Underwood,F,Wraps,Y,Pro OPEN,99.79,C90+,200.03,137.48,210.01,547.53,1,456.15
1303,Nancy Amarat,F,Wraps,Y,F-OR,59,C60,130,77.5,165,372.5,5,420.75
8250,Nicholas Haglan,M,Wraps,Y,Junior 20-23,75.9,C82.5,137.5,92.5,135,365,1,257.95
120,Nicholas Rosello,M,Wraps,Y,M_TCR_3_APF,81.35,C82.5,220,122.5,205,547.5,1,369.91
5229,Nick Poli,M,Wraps,Y,Amateur Open,99.34,C100,244.94,163.29,267.62,675.85,1,412.41
5292,Nicole Cassel,F,Wraps,Y,O,90,C90,117.5,100,140,357.5,1,308.9
1403,Patrick Simpson,M,Wraps,Y,Pro Open,89.54,C90,249.48,163.29,274.42,687.19,1,439.85
6453,Paul Sorenson,M,Wraps,Y,MJR,117.6,C125,215,120,255,590,4,340.85
4975,Paulo Sevick,M,Wraps,Y,Amateur Teen 14-15,93.44,C100,199.58,136.08,219.99,555.65,1,348.28
1575,Randy Boyer,M,Wraps,Y,sm1,136.62,C140,260,152.5,250,662.5,2,371.6
1318,Rebecca Hickman,F,Wraps,Y,F-O,56,C56,107.5,47.5,125,280,3,329.45
5044,Robert Rivera Jr,M,Wraps,Y,,130.54,C140,362.87,215.46,335.66,913.99,2,516.56
5217,Rocco Carlino,M,Wraps,Y,Pro open,105.69,C110,272.16,185.97,274.42,732.55,3,436.74
7865,Romohree Howard,M,Wraps,Y,Open,88.4,C90,235,155,275,665,1,428.494
6456,Ryan Coleman,M,Wraps,Y,M-AD-R-SM,120.38,C125,240,170,260,670,1,384.92
5694,Samantha Torres,F,Wraps,Y,F-L-R,57.79,C67.5,63.5,31.75,79.38,174.63,11,200.47
1584,Sarah Stull,F,Wraps,Y,jr,87,C90,137.5,65,125,327.5,1,287.19
5296,Sean Machado,M,Wraps,Y,Juniors,89.81,C90,215,152.5,202.5,570,1,364.28
133,Sergey Mironov,M,Wraps,Y,Open,89.1,C90,255,160,270,685,2,439.56
7982,Shannon Kehoe,F,Wraps,Y,Open,55.8,C56,102.5,77.5,142.5,322.5,1,380.521
1589,Shayla Greer,F,Wraps,Y,int,78.24,C82.5,117.5,67.5,147.5,332.5,1,308.12
5599,Sophia Peterson,F,Wraps,Y,Women 16-17,82.1,C82.5,108.86,49.9,129.27,288.03,1,259.88
5375,Steve Sellers,M,Wraps,Y,Open,90,C90,188.24,142.88,233.6,564.72,1,360.51
5326,Thomas Hurt,M,Wraps,Y,Teenage 13-15,97.79,C100,181.44,124.74,204.12,510.29,1,313.42
1576,Tiffany Kragnes,F,Wraps,Y,m1,58.33,C60,95,52.5,125,272.5,1,310.55
1330,Timothy Albanese,M,Wraps,Y,Pro Master 55-59,121.43,C125,238.14,204.12,256.28,698.53,1,400.52
8241,Tony Shuler,M,Wraps,Y,Open,99.9,C100,275,160,282.5,717.5,2,436.84
5107,Trevor Antonette,M,Wraps,Y,Amateur Junior,87.91,C90,201.85,156.49,233.6,591.94,1,382.54
6418,Tyler Armstrong,M,Wraps,Y,Teen 18-19,103.42,C110,180,155,217.5,552.5,2,331.95
1603,Vincent Rumsey,M,Wraps,Y,nov,81.87,C82.5,125,87.5,160,372.5,3,250.7
8452,Vitaliy Krasnoyarov,M,Wraps,Y,Juniors 20-23,81.6,C82.5,200,160,215,575,2,387.76
5139,Walters Ndi,M,Wraps,Y,Pro Junior 20-23,98.34,C100,306.17,172.37,297.1,775.64,1,475.28